1月1日,跨年，演唱会，新年快乐,伊斯坦布尔，土耳其，枪击事件，袭击，死亡，夜总会,朴槿惠，弹劾案,,,,,
1月2日,康师傅，解散，方便面，台湾,,,,,,,
1月3日,流星雨，今年首场，120颗,碾压，女子骑摩托车，幼童双腿,,,,,,
1月4日,李冰冰，恋情，曝光,攀枝花，市委书记，枪击，国土资源局局长，会展中心,,,,,,
1月5日,腊八，腊八粥，节气,反弹，行情，大盘，涨停,支付宝，年账单,,,,,
1月6日,CBA全明星，直播,人民币，6.78，突破,,,,,,
1月7日,林心如，生女,新手上路，刹车，剐蹭，公交车,,,,,,
1月8日,周总理，逝世，41周年，革命，怀念,,,,,,,
1月9日,赵忠贤、屠呦呦、科学技术奖,金球奖，74届,圆珠笔，替代进口，380亿支，笔头,陈思诚，出轨，两女,,,,
1月10日,8年抗战，14年抗战，课程教材，中小学,支付宝，密码，漏洞,足球先生，C罗，梅西,110，宣传日,,,,
1月11日,两会,,,,,,,
1月12日,《网络购买商品七日无理由退货暂行办法》，七日无理由退货,李佩，去世，中国科学院大学，湍流卷不走,,,,,,
1月13日,春运，身份证，首日,个人信息，泄露，幕后黑手，房产中介,,,,,,
1月14日,汉语拼音之父，周有光，去世，语言学家，享年112岁,央行，第三方支付，备付金，集中存管制度,,,,,,
1月15日,福建农大，智斗电信诈骗，不按套路出牌,体坛风云人物，水立方，CCTV,,,,,,
1月16日,北方调料造假中心，独流镇,,,,,,,
1月17日,angelababy，生子，黄晓明,勇士，骑士，客场，詹姆斯,城管，游摊老太，糖葫芦竹签，刺喉,马航MH370，暂告中止,达沃斯，瑞士,,,
1月18日,刘德华，坠马，泰国，拍新广告,支付宝，五福，爱国福，富强福，和谐福，友善福，敬业福,华为，六名前中高层，被抓，乐视酷派,,,,,
1月19日,冷空气，最低气温,蓝瘦香菇哥，失恋视频，结婚,奥巴马，最后一场，记者会，白宫,,,,,
1月20日,腊月二十四，小年，大寒,周立波，被捕，枪支，可卡因，长岛,NBA全明星，首发,,,,,
1月21日,美国，特朗普，第四十五任总统，就职典礼,,,,,,,
1月22日,陆航某团，飞行员，坠毁,辽宁，新疆，CBA,,,,,,
1月23日,俄罗斯，大火，150头小猪，养猪场,徐翔，操纵证券市场，一审宣判，有期徒刑,,,,,,
1月24日,外交部，名古屋市长，道歉，国家旅游局，日本APA，全面禁止，抵制,,特朗普，签署行政命令，退出TPP,,,,,
1月25日,岳阳市，鞭炮仓库，火灾，死亡,丽江，毁容，酒瓶，啉哒是我，恶性，烧烤，抢劫,骑自行车，一个月，方向反了，芜湖，齐齐哈尔,,,,,
1月26日,天津大妈，赵春华，摆射击摊持枪案，有期徒刑,,,,,,,
1月27日,春晚，祝福，大年三十，压岁钱，除夕,,,,,,,
1月28日,西游伏妖篇，周星驰，徐克,拜年,曲玉权，道里分局太平庄派出所，民警，牺牲,,,,,
1月29日,马来西亚，船只失联，总领事馆，失联,宁波，动物园，老虎，咬人,,,,,,
1月30日,安徽卫视，大唐荣耀,加拿大，枪击案，清真寺,,,,,,
1月31日,宁波方特乐园，排队，昏迷，抢救无效,江西宁都，中巴车，碾过,,,,,,
,,,,,,,,
2月1日,越野车，摩托车，逆行,,,,,,,
2月2日,浙江温州，民房倒塌，文成县,,,,,,,
2月3日,重庆丰都，游乐设施，遨游太空，甩出,社保卡，全国一卡通，联网结算系y,,,,,,
2月4日,情侣，耳膜，破裂,姚明，火箭，退役仪式，11号球衣,大陆游览车，高雄，车祸，桥墩,世界癌症日,,,,
2月5日,浙江，天台县，足浴店，死伤,特朗西雅图、法官、移民政策、暂停入境限制令,,,,,,
2月6日,张继科，袁姗姗，恋情,中国诗词大会，武亦姝，围绕“月”字吟诗,吃穿山甲，李局长，黄书记,,,,,
2月7日,19年，婚纱照，,,,,,,,
2月8日,逃逸，母亲，撞老人,济源市，孙大圣，神仙，大巴车，五龙口庙会,下雪,三星天津电池工厂，起火，Note 7电池,,,,
2月9日,铜陵，爆炸，恒兴化工厂,鲁甸，4.9级，地震,5姐妹，开3宝马，追尾,,,,,
2月10日,证监会，刘士余，证券期货工作监管会议，资本大鳄,气功大师，王林，心脏骤停，抢救无效,黑作坊，曲奇,尖沙咀站，起火，香港地铁，纵火,东北虎，胖,,,
2月11日,印度，54年，老兵，王琪,,,,,,,
2月12日,感染，H7N9，病例，禽流感,朝鲜，导弹，日本海，严正抗议,第59届，格莱美，颁奖典礼,,,,,
2月13日,老干妈，陶华碧，不再持股,,,,,,,
2月14日,金正男，遇害，马来西亚，毒针,成品油调价窗口，上调50元,涟源，煤矿，爆炸，11人下落不明,情人节,,,,
2月15日,民警，感冒冲剂,,,,,,,
2月16日,虐虎，野生动物园,江苏省人民医院，医生，被捅，大动脉破裂，被刺,,,,,,
2月17日,巴基斯坦，清真寺，炸弹，50人死亡，自杀,清华大学女教授，1800万，台湾诈骗,行政拘留，16周岁降至14周岁，公安部,三星，李在F，批捕，崔顺实，行贿，2.5亿,,,,
2月18日,武汉砍头，武昌火车站,全明星周末，NBA,挟持人质，对抗警方，自制步枪,,,,,
2月19日,改革开放，总设计师，邓小平，逝世，缅怀,,,,,,,
2月20日,冷空气，暴雪，最低气温，寒潮,郑爽后援会，解散，撤职,,,,,,
2月21日,飞机，坠毁，墨尔本，购物中心,连云港，苍梧晚报，男编辑，骚扰，女投稿人,杨振宁，姚期智，外国国籍，中科院院士,装修工，坠亡，转运遗体，受阻,,,,
2月22日,中国女留学生，殴打致死，终身监禁,积雪，结冰,董明珠，两室一厅，我掏钱,札幌，亚冬会，短道速滑，冠军,,,,
2月23日,中国留学生，加拿大，绑架，山西官员,东北虎，一巴掌，无人机,姚明，篮协主席，当选,被拐3年，8岁女孩，凭记忆，虐待,黄磊，第三胎，孙莉,"宇航局，NASA,7颗,类地行星",宜昌地震，3.8级，秭归县,台湾女主播，火了
2月24日,王柏川，张陆，邵思涵，张琰，出轨，朱七七,广东36岁女子，家暴，怀孕，8个孩子,共享单车，上锁，护士，占为己有,,,,,
2月25日,摄影师，任航，自杀，抑郁,,,,,,,
2月26日,汶川，4.0级，地震,排球联赛，全明星赛,CBA季后赛，辽宁队，广厦队,,,,,
2月27日,奥斯卡，最佳影片，乌龙,停职检查，丽江法官，不当言论，李炳祥,惊艳，高二女生，最美黑板报，杨童O,八达岭，动物园，黑熊，车窗，围堵,蓝田人，小美，顺风车司机，衣衫不整,乐天，韩国，部署萨德，供地,,
2月28日,天津大悦城，坠楼,丁彦雨航，常规赛MVP,万家文化，赵薇，证监会，杠杆收购,,,,,
